<?xml version="1.0" encoding="UTF-8" standalone="yes"?><profile>
	<steamID64>76561197971175221</steamID64>
	<steamID><![CDATA[Stranger]]></steamID>
	<onlineState>online</onlineState>
	<stateMessage><![CDATA[Online]]></stateMessage>
	<privacyState>public</privacyState>
	<visibilityState>3</visibilityState>
	<avatarIcon><![CDATA[http://media.steampowered.com/steamcommunity/public/images/avatars/2d/2d00eee0f26c8672b1ba8de486713760d39bd10c.jpg]]></avatarIcon>
	<avatarMedium><![CDATA[http://media.steampowered.com/steamcommunity/public/images/avatars/2d/2d00eee0f26c8672b1ba8de486713760d39bd10c_medium.jpg]]></avatarMedium>
	<avatarFull><![CDATA[http://media.steampowered.com/steamcommunity/public/images/avatars/2d/2d00eee0f26c8672b1ba8de486713760d39bd10c_full.jpg]]></avatarFull>
	<vacBanned>0</vacBanned>
	<tradeBanState>None</tradeBanState>
	<isLimitedAccount>0</isLimitedAccount>
	<customURL><![CDATA[sf99]]></customURL>
	<memberSince>November 26, 2004</memberSince>
	<steamRating></steamRating>
	<hoursPlayed2Wk>0.0</hoursPlayed2Wk>
	<headline><![CDATA[Monster Hunter]]></headline>
	<location><![CDATA[Finland]]></location>
	<realname><![CDATA[]]></realname>
	<summary><![CDATA[Though certainly not superhuman, the man's prowess inspires an excess of whispered rumors. But those rumors remain in the realm of speculation.]]></summary>
</profile>