<?xml version="1.0" encoding="UTF-8" standalone="yes"?><profile>
	<steamID64>76561197974644957</steamID64>
	<steamID><![CDATA[Mr. Jak]]></steamID>
	<onlineState>offline</onlineState>
	<stateMessage><![CDATA[Last Online: 19 hrs, 58 mins ago]]></stateMessage>
	<privacyState>public</privacyState>
	<visibilityState>3</visibilityState>
	<avatarIcon><![CDATA[http://media.steampowered.com/steamcommunity/public/images/avatars/e3/e3ba98939ef6fd4116367d576e1bbad20b8501fa.jpg]]></avatarIcon>
	<avatarMedium><![CDATA[http://media.steampowered.com/steamcommunity/public/images/avatars/e3/e3ba98939ef6fd4116367d576e1bbad20b8501fa_medium.jpg]]></avatarMedium>
	<avatarFull><![CDATA[http://media.steampowered.com/steamcommunity/public/images/avatars/e3/e3ba98939ef6fd4116367d576e1bbad20b8501fa_full.jpg]]></avatarFull>
	<vacBanned>0</vacBanned>
	<tradeBanState>None</tradeBanState>
	<isLimitedAccount>0</isLimitedAccount>
	<customURL><![CDATA[mrjak]]></customURL>
	<memberSince>March 4, 2005</memberSince>
	<steamRating>1.4</steamRating>
	<hoursPlayed2Wk>4.6</hoursPlayed2Wk>
	<headline><![CDATA[]]></headline>
	<location><![CDATA[New York, United States]]></location>
	<realname><![CDATA[Justin Kenney]]></realname>
	<summary><![CDATA[No information given.]]></summary>
</profile>